Region,Adult obesity
West,0.3
West,0.3
West,0.3
West,0.3
West,0.329
West,0.329
West,0.257
West,0.257
West,0.257
West,0.257
West,0.257
West,0.257
West,0.257
West,0.268
West,0.268
West,0.268
West,0.268
West,0.268
West,0.268
West,0.268
West,0.268
West,0.268
West,0.268
West,0.315
West,0.315
West,0.315
West,0.315
West,0.315
West,0.324
West,0.324
West,0.324
West,0.324
West,0.318
West,0.318
West,0.318
West,0.318
West,0.318
West,0.316
West,0.316
West,0.316
West,0.316
West,0.291
West,0.291
West,0.291
West,0.291
West,0.291
West,0.291
West,0.291
West,0.291
West,0.291
West,0.291
West,0.285
West,0.285
West,0.285
West,0.285
West,0.285
West,0.285
West,0.285
West,0.285
West,0.285
West,0.285
West,0.296
West,0.296
West,0.284
West,0.284
West,0.284
West,0.284
West,0.284
West,0.284
West,0.284
West,0.26
West,0.26
West,0.26
West,0.26
West,0.26
West,0.26
West,0.26
West,0.26
West,0.269
West,0.269
West,0.269
West,0.269
West,0.269
West,0.269
West,0.269
West,0.275
West,0.275
West,0.275
West,0.275
West,0.275
West,0.275
West,0.275
West,0.275
West,0.275
West,0.275
West,0.292
West,0.292
West,0.292
West,0.292
West,0.292
West,0.292
West,0.292
West,0.292
West,0.292
West,0.28
West,0.28
West,0.28
West,0.28
West,0.28
West,0.28
West,0.28
West,0.28
West,0.28
West,0.301
West,0.301
West,0.301
West,0.301
West,0.301
West,0.301
West,0.301
West,0.326
West,0.298
West,0.298
West,0.298
West,0.298
West,0.298
West,0.298
West,0.356
West,0.356
West,0.341
West,0.342
West,0.342
West,0.297
West,0.297
West,0.297
West,0.297
West,0.297
West,0.297
West,0.297
West,0.297
West,0.297
West,0.297
West,0.297
West,0.297
West,0.337
West,0.337
West,0.337
West,0.337
West,0.337
West,0.355
West,0.282
West,0.282
West,0.282
West,0.282
West,0.282
West,0.282
West,0.288
West,0.288
West,0.288
West,0.288
West,0.288
West,0.288
West,0.288
West,0.302
West,0.302
West,0.302
West,0.302
West,0.309
West,0.309
West,0.309
West,0.309
West,0.309
West,0.317
West,0.317
West,0.317
West,0.317
West,0.317
West,0.317
West,0.325
West,0.283
West,0.283
West,0.283
West,0.283
West,0.283
West,0.276
West,0.276
West,0.276
West,0.276
West,0.276
West,0.276
West,0.346
West,0.346
West,0.346
West,0.29
West,0.29
West,0.29
West,0.29
West,0.263
West,0.263
West,0.263
West,0.263
West,0.319
West,0.319
West,0.319
West,0.319
West,0.247
West,0.247
West,0.247
West,0.247
West,0.247
West,0.247
West,0.247
West,0.236
West,0.236
West,0.236
West,0.233
West,0.233
West,0.233
West,0.233
West,0.233
West,0.233
West,0.233
West,0.233
West,0.233
West,0.233
West,0.24
West,0.24
West,0.24
West,0.24
West,0.24
West,0.24
West,0.24
West,0.24
West,0.271
West,0.271
West,0.271
West,0.271
West,0.271
West,0.271
West,0.271
West,0.271
West,0.271
West,0.271
West,0.271
West,0.271
West,0.271
West,0.339
West,0.339
West,0.35
West,0.35
West,0.354
West,0.354
West,0.312
West,0.312
West,0.312
West,0.312
West,0.32
West,0.32
West,0.228
West,0.228
West,0.228
West,0.228
West,0.228
West,0.226
West,0.226
West,0.226
West,0.226
West,0.226
West,0.226
West,0.266
West,0.266
West,0.266
West,0.266
West,0.266
West,0.266
West,0.266
West,0.266
West,0.266
West,0.266
West,0.266
West,0.266
West,0.266
West,0.266
West,0.241
West,0.241
West,0.241
West,0.241
West,0.241
West,0.241
West,0.241
West,0.241
West,0.241
West,0.241
West,0.241
West,0.221
West,0.221
West,0.221
West,0.221
West,0.221
West,0.221
West,0.221
West,0.314
West,0.314
West,0.314
West,0.314
West,0.314
West,0.314
West,0.201
West,0.201
West,0.201
West,0.201
West,0.201
West,0.205
West,0.205
West,0.205
West,0.205
West,0.205
West,0.205
West,0.205
West,0.234
West,0.234
West,0.234
West,0.234
West,0.234
West,0.259
West,0.259
West,0.259
West,0.259
West,0.259
West,0.259
West,0.259
West,0.259
West,0.259
West,0.259
West,0.259
West,0.311
West,0.311
West,0.311
West,0.207
West,0.207
West,0.207
West,0.207
West,0.23
West,0.23
West,0.23
West,0.23
West,0.23
West,0.23
West,0.23
West,0.23
West,0.248
West,0.248
West,0.248
West,0.248
West,0.248
West,0.248
West,0.248
West,0.248
West,0.248
West,0.243
West,0.243
West,0.243
West,0.243
West,0.243
West,0.243
West,0.243
West,0.243
West,0.243
West,0.244
West,0.244
West,0.244
West,0.244
West,0.244
West,0.258
West,0.258
West,0.258
West,0.258
West,0.258
West,0.258
West,0.258
West,0.258
West,0.223
West,0.223
West,0.223
West,0.223
West,0.237
West,0.237
West,0.237
West,0.237
West,0.237
West,0.237
West,0.237
West,0.224
West,0.224
West,0.224
West,0.224
West,0.224
West,0.224
West,0.224
West,0.255
West,0.255
West,0.255
West,0.255
West,0.255
West,0.255
West,0.255
West,0.255
West,0.203
West,0.203
West,0.21
West,0.21
West,0.21
West,0.294
West,0.294
West,0.294
West,0.294
West,0.294
West,0.294
West,0.265
West,0.265
West,0.265
West,0.265
West,0.265
West,0.265
West,0.235
West,0.235
West,0.235
West,0.235
West,0.235
West,0.235
West,0.238
West,0.238
West,0.238
West,0.238
West,0.238
West,0.238
West,0.238
West,0.278
West,0.278
West,0.278
West,0.278
West,0.278
West,0.242
West,0.242
West,0.242
West,0.242
West,0.242
West,0.242
West,0.242
West,0.242
West,0.242
West,0.242
West,0.267
West,0.267
West,0.267
West,0.267
West,0.267
West,0.256
West,0.256
West,0.256
West,0.256
West,0.256
West,0.256
West,0.256
West,0.256
West,0.213
West,0.213
West,0.213
West,0.213
West,0.213
West,0.154
West,0.158
West,0.313
West,0.313
West,0.313
West,0.313
West,0.313
West,0.251
West,0.251
West,0.251
West,0.251
West,0.251
West,0.251
West,0.251
West,0.251
West,0.251
West,0.251
West,0.251
West,0.208
West,0.208
West,0.208
West,0.208
West,0.208
West,0.208
West,0.216
West,0.22
West,0.22
West,0.185
West,0.185
West,0.185
West,0.185
West,0.178
West,0.178
West,0.204
West,0.204
West,0.204
West,0.204
West,0.225
West,0.225
West,0.225
West,0.225
West,0.225
West,0.225
West,0.27
West,0.27
West,0.27
West,0.277
West,0.277
West,0.277
West,0.277
West,0.277
West,0.231
West,0.231
West,0.231
West,0.231
West,0.231
West,0.231
West,0.16
West,0.16
West,0.152
West,0.31
West,0.31
West,0.31
West,0.31
West,0.31
West,0.31
West,0.304
West,0.304
West,0.304
West,0.2
West,0.2
West,0.2
West,0.2
West,0.192
West,0.192
West,0.192
West,0.194
West,0.215
West,0.215
West,0.215
West,0.273
West,0.273
West,0.273
West,0.273
West,0.273
West,0.273
West,0.273
West,0.217
West,0.217
West,0.217
West,0.217
West,0.308
West,0.308
West,0.308
West,0.308
West,0.321
West,0.321
West,0.321
West,0.25
West,0.25
West,0.25
West,0.25
West,0.25
West,0.25
West,0.25
West,0.25
West,0.295
West,0.295
West,0.295
West,0.295
West,0.295
West,0.295
West,0.227
West,0.227
West,0.227
West,0.227
West,0.227
West,0.227
West,0.227
West,0.227
West,0.219
West,0.219
West,0.219
West,0.219
West,0.219
West,0.229
West,0.229
West,0.229
West,0.211
West,0.211
West,0.211
West,0.211
West,0.211
West,0.305
West,0.305
West,0.249
West,0.249
West,0.249
West,0.249
West,0.249
West,0.249
West,0.212
West,0.212
West,0.212
West,0.212
West,0.17
West,0.17
West,0.166
West,0.166
West,0.218
West,0.218
West,0.218
West,0.218
West,0.218
West,0.218
West,0.218
West,0.206
West,0.206
West,0.149
West,0.15
West,0.202
West,0.202
West,0.202
West,0.162
West,0.162
West,0.18
West,0.18
West,0.18
West,0.18
West,0.253
West,0.253
West,0.253
West,0.253
West,0.253
West,0.253
West,0.253
West,0.253
West,0.173
West,0.177
West,0.182
West,0.163
West,0.132
West,0.132
West,0.132
West,0.12
West,0.214
West,0.214
West,0.174
West,0.198
West,0.198
West,0.197
West,0.197
West,0.197
West,0.193
West,0.193
West,0.193
West,0.193
West,0.187
West,0.187
West,0.159
West,0.209
West,0.209
West,0.209
West,0.209
West,0.196
West,0.239
West,0.239
West,0.239
West,0.239
West,0.272
West,0.272
West,0.272
West,0.272
West,0.261
West,0.261
West,0.261
West,0.261
West,0.261
West,0.261
West,0.261
West,0.261
West,0.261
West,0.167
West,0.167
West,0.172
West,0.199
West,0.232
West,0.232
West,0.232
West,0.232
West,0.232
West,0.274
West,0.274
West,0.274
West,0.274
West,0.274
West,0.274
West,0.175
West,0.175
West,0.175
West,0.184
West,0.184
West,0.142
West,0.142
West,0.133
West,0.222
West,0.222
West,0.222
West,0.222
West,0.222
West,0.134
West,0.147
West,0.169
West,0.169
West,0.164
West,0.145
West,0.245
West,0.245
West,0.245
West,0.245
West,0.245
West,0.245
West,0.347
West,0.307
West,0.307
West,0.307
West,0.299
West,0.299
West,0.299
West,0.299
West,0.299
West,0.299
West,0.281
West,0.281
West,0.281
West,0.281
West,0.281
West,0.281
West,0.279
West,0.279
West,0.279
West,0.323
West,0.323
West,0.323
West,0.323
West,0.246
West,0.246
West,0.246
West,0.246
West,0.246
West,0.246
West,0.293
West,0.293
West,0.293
West,0.293
West,0.322
West,0.322
West,0.322
West,0.322
West,0.289
West,0.289
West,0.289
West,0.289
West,0.353
West,0.366
West,0.335
West,0.328
West,0.328
West,0.328
West,0.328
West,0.254
West,0.254
West,0.254
West,0.252
West,0.252
West,0.252
West,0.252
West,0.327
West,0.327
West,0.327
West,0.327
West,0.327
West,0.327
West,0.332
West,0.262
West,0.262
West,0.262
West,0.358
West,0.358
West,0.365
West,0.303
West,0.303
West,0.303
West,0.303
West,0.303
West,0.303
West,0.287
West,0.287
West,0.287
West,0.287
West,0.306
West,0.306
West,0.306
West,0.286
West,0.286
West,0.286
West,0.286
West,0.264
West,0.264
West,0.333
West,0.138
West,0.343
West,0.338
West,0.33
West,0.33
West,0.153
West,0.146
West,0.373
West,0.36
West,0.367
West,0.334
West,0.345
West,0.336
West,0.131
South,0.305
South,0.305
South,0.305
South,0.305
South,0.305
South,0.305
South,0.305
South,0.305
South,0.305
South,0.305
South,0.305
South,0.305
South,0.305
South,0.305
South,0.305
South,0.305
South,0.305
South,0.305
South,0.305
South,0.305
South,0.305
South,0.305
South,0.305
South,0.305
South,0.305
South,0.313
South,0.313
South,0.313
South,0.313
South,0.313
South,0.313
South,0.313
South,0.313
South,0.313
South,0.313
South,0.313
South,0.313
South,0.313
South,0.313
South,0.313
South,0.313
South,0.313
South,0.313
South,0.313
South,0.313
South,0.313
South,0.313
South,0.313
South,0.313
South,0.313
South,0.313
South,0.313
South,0.313
South,0.313
South,0.313
South,0.313
South,0.313
South,0.313
South,0.313
South,0.266
South,0.266
South,0.266
South,0.266
South,0.266
South,0.266
South,0.266
South,0.266
South,0.25
South,0.25
South,0.25
South,0.25
South,0.25
South,0.373
South,0.373
South,0.373
South,0.373
South,0.373
South,0.373
South,0.373
South,0.373
South,0.373
South,0.384
South,0.384
South,0.384
South,0.384
South,0.384
South,0.384
South,0.384
South,0.384
South,0.384
South,0.343
South,0.343
South,0.343
South,0.343
South,0.343
South,0.343
South,0.343
South,0.343
South,0.343
South,0.343
South,0.343
South,0.343
South,0.343
South,0.343
South,0.343
South,0.343
South,0.343
South,0.343
South,0.343
South,0.343
South,0.343
South,0.343
South,0.304
South,0.304
South,0.304
South,0.304
South,0.304
South,0.304
South,0.304
South,0.304
South,0.304
South,0.304
South,0.304
South,0.304
South,0.304
South,0.304
South,0.304
South,0.304
South,0.304
South,0.304
South,0.304
South,0.304
South,0.304
South,0.304
South,0.304
South,0.304
South,0.309
South,0.309
South,0.309
South,0.309
South,0.309
South,0.309
South,0.309
South,0.309
South,0.309
South,0.309
South,0.309
South,0.309
South,0.309
South,0.309
South,0.309
South,0.309
South,0.309
South,0.309
South,0.309
South,0.309
South,0.309
South,0.309
South,0.309
South,0.309
South,0.309
South,0.309
South,0.309
South,0.309
South,0.309
South,0.309
South,0.309
South,0.421
South,0.421
South,0.421
South,0.421
South,0.432
South,0.383
South,0.383
South,0.383
South,0.383
South,0.383
South,0.383
South,0.383
South,0.383
South,0.332
South,0.332
South,0.332
South,0.332
South,0.332
South,0.332
South,0.332
South,0.332
South,0.332
South,0.332
South,0.332
South,0.332
South,0.332
South,0.332
South,0.332
South,0.332
South,0.332
South,0.332
South,0.332
South,0.332
South,0.332
South,0.332
South,0.332
South,0.332
South,0.332
South,0.332
South,0.332
South,0.332
South,0.332
South,0.332
South,0.332
South,0.315
South,0.315
South,0.315
South,0.315
South,0.315
South,0.315
South,0.315
South,0.315
South,0.315
South,0.315
South,0.315
South,0.315
South,0.315
South,0.315
South,0.315
South,0.315
South,0.315
South,0.315
South,0.315
South,0.315
South,0.315
South,0.315
South,0.315
South,0.315
South,0.315
South,0.315
South,0.315
South,0.315
South,0.315
South,0.315
South,0.315
South,0.315
South,0.315
South,0.315
South,0.315
South,0.315
South,0.315
South,0.315
South,0.315
South,0.315
South,0.315
South,0.315
South,0.315
South,0.315
South,0.315
South,0.354
South,0.354
South,0.354
South,0.354
South,0.354
South,0.354
South,0.354
South,0.354
South,0.354
South,0.354
South,0.354
South,0.354
South,0.354
South,0.354
South,0.354
South,0.354
South,0.354
South,0.354
South,0.354
South,0.354
South,0.354
South,0.354
South,0.354
South,0.354
South,0.354
South,0.354
South,0.397
South,0.397
South,0.397
South,0.397
South,0.397
South,0.314
South,0.314
South,0.314
South,0.314
South,0.314
South,0.314
South,0.314
South,0.314
South,0.314
South,0.314
South,0.314
South,0.314
South,0.314
South,0.314
South,0.314
South,0.314
South,0.314
South,0.314
South,0.314
South,0.314
South,0.314
South,0.314
South,0.314
South,0.314
South,0.314
South,0.314
South,0.314
South,0.314
South,0.314
South,0.303
South,0.303
South,0.303
South,0.303
South,0.303
South,0.303
South,0.303
South,0.303
South,0.303
South,0.303
South,0.303
South,0.303
South,0.303
South,0.303
South,0.303
South,0.303
South,0.303
South,0.303
South,0.303
South,0.303
South,0.303
South,0.303
South,0.303
South,0.303
South,0.303
South,0.303
South,0.303
South,0.303
South,0.303
South,0.303
South,0.37
South,0.37
South,0.37
South,0.37
South,0.37
South,0.37
South,0.37
South,0.37
South,0.37
South,0.37
South,0.37
South,0.37
South,0.37
South,0.37
South,0.389
South,0.389
South,0.389
South,0.389
South,0.389
South,0.389
South,0.389
South,0.402
South,0.402
South,0.402
South,0.36
South,0.36
South,0.36
South,0.36
South,0.36
South,0.36
South,0.36
South,0.36
South,0.36
South,0.36
South,0.36
South,0.36
South,0.36
South,0.36
South,0.36
South,0.36
South,0.36
South,0.36
South,0.36
South,0.36
South,0.36
South,0.352
South,0.352
South,0.352
South,0.352
South,0.352
South,0.352
South,0.352
South,0.352
South,0.352
South,0.352
South,0.352
South,0.352
South,0.352
South,0.352
South,0.352
South,0.352
South,0.352
South,0.352
South,0.352
South,0.352
South,0.352
South,0.352
South,0.352
South,0.353
South,0.353
South,0.353
South,0.353
South,0.353
South,0.353
South,0.353
South,0.353
South,0.353
South,0.353
South,0.353
South,0.353
South,0.353
South,0.353
South,0.353
South,0.353
South,0.353
South,0.353
South,0.353
South,0.353
South,0.374
South,0.374
South,0.374
South,0.374
South,0.374
South,0.374
South,0.374
South,0.374
South,0.374
South,0.299
South,0.299
South,0.299
South,0.299
South,0.299
South,0.299
South,0.299
South,0.299
South,0.299
South,0.299
South,0.299
South,0.299
South,0.299
South,0.299
South,0.299
South,0.299
South,0.299
South,0.299
South,0.299
South,0.299
South,0.299
South,0.299
South,0.299
South,0.299
South,0.299
South,0.299
South,0.299
South,0.299
South,0.285
South,0.285
South,0.285
South,0.285
South,0.285
South,0.285
South,0.285
South,0.285
South,0.285
South,0.285
South,0.285
South,0.285
South,0.285
South,0.285
South,0.285
South,0.285
South,0.285
South,0.285
South,0.285
South,0.285
South,0.285
South,0.285
South,0.285
South,0.285
South,0.285
South,0.285
South,0.285
South,0.322
South,0.322
South,0.322
South,0.322
South,0.322
South,0.322
South,0.322
South,0.322
South,0.322
South,0.322
South,0.322
South,0.322
South,0.322
South,0.322
South,0.322
South,0.322
South,0.322
South,0.322
South,0.322
South,0.322
South,0.322
South,0.322
South,0.322
South,0.322
South,0.322
South,0.322
South,0.322
South,0.339
South,0.339
South,0.339
South,0.339
South,0.339
South,0.339
South,0.339
South,0.339
South,0.339
South,0.339
South,0.339
South,0.339
South,0.339
South,0.339
South,0.339
South,0.339
South,0.339
South,0.339
South,0.339
South,0.339
South,0.339
South,0.339
South,0.339
South,0.339
South,0.339
South,0.339
South,0.339
South,0.339
South,0.339
South,0.339
South,0.363
South,0.363
South,0.363
South,0.363
South,0.363
South,0.363
South,0.363
South,0.363
South,0.363
South,0.363
South,0.363
South,0.363
South,0.363
South,0.363
South,0.363
South,0.363
South,0.391
South,0.391
South,0.391
South,0.391
South,0.372
South,0.372
South,0.372
South,0.372
South,0.372
South,0.372
South,0.372
South,0.372
South,0.372
South,0.372
South,0.338
South,0.338
South,0.338
South,0.338
South,0.338
South,0.338
South,0.338
South,0.338
South,0.338
South,0.338
South,0.338
South,0.338
South,0.338
South,0.338
South,0.338
South,0.338
South,0.338
South,0.338
South,0.338
South,0.338
South,0.338
South,0.338
South,0.338
South,0.338
South,0.338
South,0.338
South,0.338
South,0.338
South,0.338
South,0.338
South,0.338
South,0.338
South,0.338
South,0.338
South,0.323
South,0.323
South,0.323
South,0.323
South,0.323
South,0.323
South,0.323
South,0.323
South,0.323
South,0.323
South,0.323
South,0.323
South,0.323
South,0.323
South,0.323
South,0.323
South,0.323
South,0.323
South,0.323
South,0.323
South,0.323
South,0.323
South,0.323
South,0.323
South,0.323
South,0.323
South,0.357
South,0.357
South,0.357
South,0.357
South,0.357
South,0.357
South,0.357
South,0.357
South,0.357
South,0.357
South,0.357
South,0.357
South,0.357
South,0.357
South,0.357
South,0.357
South,0.357
South,0.357
South,0.357
South,0.357
South,0.357
South,0.371
South,0.371
South,0.371
South,0.371
South,0.371
South,0.371
South,0.371
South,0.371
South,0.371
South,0.371
South,0.371
South,0.371
South,0.324
South,0.324
South,0.324
South,0.324
South,0.324
South,0.324
South,0.324
South,0.324
South,0.324
South,0.324
South,0.324
South,0.324
South,0.324
South,0.324
South,0.324
South,0.324
South,0.324
South,0.324
South,0.324
South,0.324
South,0.324
South,0.324
South,0.324
South,0.324
South,0.324
South,0.324
South,0.324
South,0.324
South,0.344
South,0.344
South,0.344
South,0.344
South,0.344
South,0.344
South,0.344
South,0.344
South,0.344
South,0.344
South,0.344
South,0.344
South,0.344
South,0.344
South,0.344
South,0.344
South,0.344
South,0.344
South,0.344
South,0.344
South,0.344
South,0.414
South,0.414
South,0.414
South,0.414
South,0.417
South,0.417
South,0.417
South,0.321
South,0.321
South,0.321
South,0.321
South,0.321
South,0.321
South,0.321
South,0.321
South,0.321
South,0.321
South,0.321
South,0.321
South,0.321
South,0.321
South,0.321
South,0.321
South,0.321
South,0.321
South,0.321
South,0.321
South,0.321
South,0.321
South,0.306
South,0.306
South,0.306
South,0.306
South,0.306
South,0.306
South,0.306
South,0.306
South,0.306
South,0.306
South,0.306
South,0.306
South,0.306
South,0.306
South,0.306
South,0.306
South,0.306
South,0.306
South,0.306
South,0.306
South,0.306
South,0.306
South,0.306
South,0.306
South,0.306
South,0.301
South,0.301
South,0.301
South,0.301
South,0.301
South,0.301
South,0.301
South,0.301
South,0.301
South,0.301
South,0.301
South,0.301
South,0.301
South,0.301
South,0.301
South,0.301
South,0.301
South,0.301
South,0.301
South,0.301
South,0.301
South,0.301
South,0.301
South,0.301
South,0.301
South,0.301
South,0.301
South,0.369
South,0.369
South,0.369
South,0.369
South,0.369
South,0.369
South,0.369
South,0.369
South,0.369
South,0.369
South,0.369
South,0.369
South,0.369
South,0.369
South,0.369
South,0.369
South,0.369
South,0.369
South,0.318
South,0.318
South,0.318
South,0.318
South,0.318
South,0.318
South,0.318
South,0.318
South,0.318
South,0.318
South,0.318
South,0.318
South,0.318
South,0.318
South,0.318
South,0.318
South,0.318
South,0.318
South,0.318
South,0.318
South,0.318
South,0.318
South,0.318
South,0.318
South,0.318
South,0.318
South,0.318
South,0.318
South,0.364
South,0.364
South,0.364
South,0.364
South,0.364
South,0.364
South,0.364
South,0.364
South,0.364
South,0.364
South,0.364
South,0.364
South,0.364
South,0.364
South,0.335
South,0.335
South,0.335
South,0.335
South,0.335
South,0.335
South,0.335
South,0.335
South,0.335
South,0.335
South,0.335
South,0.335
South,0.335
South,0.335
South,0.335
South,0.335
South,0.335
South,0.335
South,0.335
South,0.335
South,0.335
South,0.335
South,0.335
South,0.335
South,0.335
South,0.34
South,0.34
South,0.34
South,0.34
South,0.34
South,0.34
South,0.34
South,0.34
South,0.34
South,0.34
South,0.34
South,0.34
South,0.34
South,0.34
South,0.34
South,0.34
South,0.34
South,0.34
South,0.34
South,0.34
South,0.34
South,0.34
South,0.34
South,0.34
South,0.34
South,0.34
South,0.34
South,0.34
South,0.34
South,0.34
South,0.34
South,0.34
South,0.34
South,0.34
South,0.345
South,0.345
South,0.345
South,0.345
South,0.345
South,0.345
South,0.345
South,0.345
South,0.345
South,0.345
South,0.345
South,0.345
South,0.345
South,0.345
South,0.345
South,0.345
South,0.345
South,0.479
South,0.481
South,0.416
South,0.416
South,0.416
South,0.362
South,0.362
South,0.362
South,0.362
South,0.362
South,0.362
South,0.362
South,0.362
South,0.362
South,0.362
South,0.362
South,0.362
South,0.362
South,0.346
South,0.346
South,0.346
South,0.346
South,0.346
South,0.346
South,0.346
South,0.346
South,0.346
South,0.346
South,0.346
South,0.346
South,0.346
South,0.346
South,0.346
South,0.346
South,0.346
South,0.346
South,0.346
South,0.346
South,0.346
South,0.346
South,0.346
South,0.346
South,0.346
South,0.346
South,0.346
South,0.346
South,0.346
South,0.341
South,0.341
South,0.341
South,0.341
South,0.341
South,0.341
South,0.341
South,0.341
South,0.341
South,0.341
South,0.341
South,0.341
South,0.341
South,0.341
South,0.341
South,0.341
South,0.341
South,0.341
South,0.341
South,0.341
South,0.341
South,0.341
South,0.341
South,0.341
South,0.341
South,0.341
South,0.341
South,0.349
South,0.349
South,0.349
South,0.349
South,0.349
South,0.349
South,0.349
South,0.349
South,0.349
South,0.349
South,0.349
South,0.349
South,0.349
South,0.349
South,0.349
South,0.349
South,0.349
South,0.329
South,0.329
South,0.329
South,0.329
South,0.329
South,0.329
South,0.329
South,0.329
South,0.329
South,0.329
South,0.329
South,0.329
South,0.329
South,0.329
South,0.329
South,0.329
South,0.329
South,0.329
South,0.329
South,0.329
South,0.329
South,0.329
South,0.329
South,0.329
South,0.329
South,0.329
South,0.329
South,0.329
South,0.3
South,0.3
South,0.3
South,0.3
South,0.3
South,0.3
South,0.3
South,0.3
South,0.3
South,0.3
South,0.3
South,0.3
South,0.3
South,0.3
South,0.3
South,0.3
South,0.3
South,0.3
South,0.3
South,0.3
South,0.3
South,0.3
South,0.3
South,0.3
South,0.3
South,0.3
South,0.3
South,0.3
South,0.3
South,0.3
South,0.29
South,0.29
South,0.29
South,0.29
South,0.29
South,0.29
South,0.29
South,0.29
South,0.29
South,0.29
South,0.29
South,0.29
South,0.29
South,0.29
South,0.29
South,0.29
South,0.29
South,0.29
South,0.29
South,0.29
South,0.29
South,0.29
South,0.29
South,0.29
South,0.29
South,0.29
South,0.29
South,0.29
South,0.29
South,0.328
South,0.328
South,0.328
South,0.328
South,0.328
South,0.328
South,0.328
South,0.328
South,0.328
South,0.328
South,0.328
South,0.328
South,0.328
South,0.328
South,0.328
South,0.328
South,0.328
South,0.328
South,0.328
South,0.328
South,0.328
South,0.328
South,0.328
South,0.328
South,0.328
South,0.312
South,0.312
South,0.312
South,0.312
South,0.312
South,0.312
South,0.312
South,0.312
South,0.312
South,0.312
South,0.312
South,0.312
South,0.312
South,0.312
South,0.312
South,0.312
South,0.312
South,0.312
South,0.312
South,0.312
South,0.312
South,0.312
South,0.312
South,0.377
South,0.377
South,0.377
South,0.377
South,0.377
South,0.377
South,0.377
South,0.386
South,0.386
South,0.386
South,0.386
South,0.386
South,0.386
South,0.386
South,0.386
South,0.386
South,0.32
South,0.32
South,0.32
South,0.32
South,0.32
South,0.32
South,0.32
South,0.32
South,0.32
South,0.32
South,0.32
South,0.32
South,0.32
South,0.32
South,0.32
South,0.32
South,0.32
South,0.32
South,0.32
South,0.32
South,0.32
South,0.32
South,0.32
South,0.32
South,0.32
South,0.32
South,0.32
South,0.32
South,0.32
South,0.32
South,0.32
South,0.32
South,0.32
South,0.334
South,0.334
South,0.334
South,0.334
South,0.334
South,0.334
South,0.334
South,0.334
South,0.334
South,0.334
South,0.334
South,0.334
South,0.334
South,0.334
South,0.334
South,0.334
South,0.334
South,0.334
South,0.334
South,0.334
South,0.334
South,0.334
South,0.334
South,0.334
South,0.334
South,0.334
South,0.334
South,0.334
South,0.334
South,0.334
South,0.438
South,0.437
South,0.392
South,0.392
South,0.392
South,0.392
South,0.423
South,0.423
South,0.423
South,0.33
South,0.33
South,0.33
South,0.33
South,0.33
South,0.33
South,0.33
South,0.33
South,0.33
South,0.33
South,0.33
South,0.33
South,0.33
South,0.33
South,0.33
South,0.33
South,0.33
South,0.33
South,0.33
South,0.33
South,0.33
South,0.33
South,0.33
South,0.33
South,0.33
South,0.33
South,0.33
South,0.33
South,0.33
South,0.33
South,0.33
South,0.33
South,0.33
South,0.33
South,0.359
South,0.359
South,0.359
South,0.359
South,0.359
South,0.359
South,0.359
South,0.359
South,0.359
South,0.359
South,0.359
South,0.359
South,0.359
South,0.359
South,0.359
South,0.359
South,0.359
South,0.359
South,0.359
South,0.359
South,0.302
South,0.302
South,0.302
South,0.302
South,0.302
South,0.302
South,0.302
South,0.302
South,0.302
South,0.302
South,0.302
South,0.302
South,0.302
South,0.302
South,0.302
South,0.302
South,0.302
South,0.302
South,0.302
South,0.302
South,0.302
South,0.302
South,0.302
South,0.302
South,0.302
South,0.302
South,0.302
South,0.302
South,0.302
South,0.302
South,0.387
South,0.387
South,0.387
South,0.387
South,0.387
South,0.387
South,0.387
South,0.387
South,0.387
South,0.385
South,0.385
South,0.385
South,0.385
South,0.385
South,0.385
South,0.401
South,0.401
South,0.401
South,0.401
South,0.342
South,0.342
South,0.342
South,0.342
South,0.342
South,0.342
South,0.342
South,0.342
South,0.342
South,0.342
South,0.342
South,0.342
South,0.342
South,0.342
South,0.342
South,0.342
South,0.342
South,0.342
South,0.342
South,0.342
South,0.342
South,0.342
South,0.342
South,0.342
South,0.342
South,0.342
South,0.342
South,0.342
South,0.342
South,0.342
South,0.342
South,0.342
South,0.342
South,0.342
South,0.342
South,0.342
South,0.342
South,0.365
South,0.365
South,0.365
South,0.365
South,0.365
South,0.365
South,0.365
South,0.365
South,0.365
South,0.365
South,0.365
South,0.365
South,0.365
South,0.365
South,0.365
South,0.365
South,0.365
South,0.296
South,0.296
South,0.296
South,0.296
South,0.296
South,0.296
South,0.296
South,0.296
South,0.296
South,0.296
South,0.296
South,0.296
South,0.296
South,0.296
South,0.296
South,0.296
South,0.296
South,0.296
South,0.296
South,0.296
South,0.296
South,0.296
South,0.296
South,0.296
South,0.296
South,0.296
South,0.296
South,0.296
South,0.296
South,0.317
South,0.317
South,0.317
South,0.317
South,0.317
South,0.317
South,0.317
South,0.317
South,0.317
South,0.317
South,0.317
South,0.317
South,0.317
South,0.317
South,0.317
South,0.317
South,0.317
South,0.317
South,0.317
South,0.317
South,0.317
South,0.317
South,0.317
South,0.317
South,0.317
South,0.317
South,0.317
South,0.317
South,0.317
South,0.317
South,0.317
South,0.317
South,0.317
South,0.317
South,0.317
South,0.317
South,0.317
South,0.317
South,0.317
South,0.404
South,0.404
South,0.38
South,0.38
South,0.38
South,0.38
South,0.38
South,0.38
South,0.38
South,0.38
South,0.38
South,0.38
South,0.38
South,0.351
South,0.351
South,0.351
South,0.351
South,0.351
South,0.351
South,0.351
South,0.351
South,0.351
South,0.351
South,0.351
South,0.351
South,0.351
South,0.351
South,0.351
South,0.351
South,0.351
South,0.351
South,0.351
South,0.351
South,0.351
South,0.351
South,0.351
South,0.356
South,0.356
South,0.356
South,0.356
South,0.356
South,0.356
South,0.356
South,0.356
South,0.356
South,0.356
South,0.356
South,0.356
South,0.356
South,0.356
South,0.356
South,0.356
South,0.356
South,0.361
South,0.361
South,0.361
South,0.361
South,0.361
South,0.361
South,0.361
South,0.361
South,0.361
South,0.361
South,0.361
South,0.361
South,0.361
South,0.361
South,0.361
South,0.361
South,0.361
South,0.361
South,0.361
South,0.361
South,0.428
South,0.293
South,0.293
South,0.293
South,0.293
South,0.293
South,0.293
South,0.293
South,0.293
South,0.293
South,0.293
South,0.293
South,0.293
South,0.293
South,0.293
South,0.293
South,0.293
South,0.293
South,0.293
South,0.293
South,0.293
South,0.293
South,0.293
South,0.293
South,0.293
South,0.293
South,0.293
South,0.293
South,0.293
South,0.293
South,0.276
South,0.276
South,0.276
South,0.276
South,0.276
South,0.276
South,0.276
South,0.276
South,0.276
South,0.272
South,0.272
South,0.272
South,0.272
South,0.272
South,0.272
South,0.272
South,0.272
South,0.273
South,0.273
South,0.273
South,0.273
South,0.273
South,0.273
South,0.273
South,0.273
South,0.273
South,0.273
South,0.273
South,0.273
South,0.273
South,0.273
South,0.263
South,0.263
South,0.347
South,0.347
South,0.347
South,0.347
South,0.347
South,0.347
South,0.347
South,0.347
South,0.347
South,0.347
South,0.347
South,0.347
South,0.347
South,0.347
South,0.347
South,0.347
South,0.347
South,0.347
South,0.347
South,0.347
South,0.287
South,0.287
South,0.287
South,0.287
South,0.287
South,0.287
South,0.287
South,0.287
South,0.287
South,0.287
South,0.287
South,0.287
South,0.287
South,0.287
South,0.287
South,0.287
South,0.287
South,0.287
South,0.287
South,0.287
South,0.368
South,0.368
South,0.368
South,0.368
South,0.368
South,0.368
South,0.368
South,0.368
South,0.326
South,0.326
South,0.326
South,0.326
South,0.326
South,0.326
South,0.326
South,0.326
South,0.326
South,0.326
South,0.326
South,0.326
South,0.326
South,0.326
South,0.326
South,0.326
South,0.326
South,0.326
South,0.326
South,0.326
South,0.326
South,0.326
South,0.326
South,0.326
South,0.326
South,0.326
South,0.326
South,0.326
South,0.326
South,0.326
South,0.326
South,0.325
South,0.325
South,0.325
South,0.325
South,0.325
South,0.325
South,0.325
South,0.325
South,0.325
South,0.325
South,0.325
South,0.325
South,0.325
South,0.325
South,0.325
South,0.325
South,0.325
South,0.325
South,0.325
South,0.325
South,0.325
South,0.325
South,0.325
South,0.325
South,0.325
South,0.325
South,0.325
South,0.325
South,0.325
South,0.325
South,0.288
South,0.288
South,0.288
South,0.288
South,0.288
South,0.288
South,0.288
South,0.288
South,0.288
South,0.288
South,0.288
South,0.288
South,0.288
South,0.288
South,0.288
South,0.288
South,0.288
South,0.288
South,0.288
South,0.288
South,0.288
South,0.288
South,0.288
South,0.288
South,0.288
South,0.288
South,0.288
South,0.28
South,0.28
South,0.28
South,0.28
South,0.28
South,0.28
South,0.28
South,0.28
South,0.28
South,0.28
South,0.28
South,0.381
South,0.381
South,0.381
South,0.381
South,0.381
South,0.381
South,0.382
South,0.382
South,0.382
South,0.382
South,0.382
South,0.382
South,0.375
South,0.375
South,0.375
South,0.375
South,0.375
South,0.375
South,0.375
South,0.375
South,0.375
South,0.375
South,0.375
South,0.319
South,0.319
South,0.319
South,0.319
South,0.319
South,0.319
South,0.319
South,0.319
South,0.319
South,0.319
South,0.319
South,0.319
South,0.319
South,0.319
South,0.319
South,0.319
South,0.319
South,0.319
South,0.319
South,0.319
South,0.319
South,0.319
South,0.319
South,0.319
South,0.319
South,0.319
South,0.319
South,0.319
South,0.319
South,0.319
South,0.319
South,0.319
South,0.319
South,0.294
South,0.294
South,0.294
South,0.294
South,0.294
South,0.294
South,0.294
South,0.294
South,0.294
South,0.294
South,0.294
South,0.294
South,0.294
South,0.294
South,0.294
South,0.294
South,0.294
South,0.294
South,0.294
South,0.294
South,0.294
South,0.294
South,0.294
South,0.294
South,0.294
South,0.294
South,0.294
South,0.294
South,0.294
South,0.336
South,0.336
South,0.336
South,0.336
South,0.336
South,0.336
South,0.336
South,0.336
South,0.336
South,0.336
South,0.336
South,0.336
South,0.336
South,0.336
South,0.336
South,0.336
South,0.336
South,0.336
South,0.336
South,0.336
South,0.336
South,0.336
South,0.336
South,0.336
South,0.336
South,0.336
South,0.336
South,0.311
South,0.311
South,0.311
South,0.311
South,0.311
South,0.311
South,0.311
South,0.311
South,0.311
South,0.311
South,0.311
South,0.311
South,0.311
South,0.311
South,0.311
South,0.311
South,0.311
South,0.311
South,0.311
South,0.283
South,0.283
South,0.283
South,0.283
South,0.283
South,0.283
South,0.283
South,0.283
South,0.283
South,0.283
South,0.283
South,0.283
South,0.283
South,0.283
South,0.283
South,0.283
South,0.283
South,0.283
South,0.283
South,0.283
South,0.283
South,0.358
South,0.358
South,0.358
South,0.358
South,0.358
South,0.358
South,0.358
South,0.358
South,0.358
South,0.358
South,0.358
South,0.358
South,0.358
South,0.358
South,0.358
South,0.358
South,0.358
South,0.358
South,0.358
South,0.358
South,0.378
South,0.378
South,0.378
South,0.378
South,0.378
South,0.378
South,0.378
South,0.378
South,0.378
South,0.298
South,0.298
South,0.298
South,0.298
South,0.298
South,0.298
South,0.298
South,0.298
South,0.298
South,0.298
South,0.298
South,0.298
South,0.298
South,0.298
South,0.298
South,0.298
South,0.298
South,0.298
South,0.298
South,0.298
South,0.298
South,0.298
South,0.298
South,0.298
South,0.298
South,0.298
South,0.298
South,0.298
South,0.298
South,0.298
South,0.298
South,0.411
South,0.411
South,0.411
South,0.411
South,0.4
South,0.4
South,0.4
South,0.4
South,0.4
South,0.333
South,0.333
South,0.333
South,0.333
South,0.333
South,0.333
South,0.333
South,0.333
South,0.333
South,0.333
South,0.333
South,0.333
South,0.333
South,0.333
South,0.333
South,0.333
South,0.333
South,0.333
South,0.333
South,0.333
South,0.333
South,0.327
South,0.327
South,0.327
South,0.327
South,0.327
South,0.327
South,0.327
South,0.327
South,0.327
South,0.327
South,0.327
South,0.327
South,0.327
South,0.327
South,0.327
South,0.327
South,0.327
South,0.327
South,0.327
South,0.327
South,0.327
South,0.398
South,0.398
South,0.398
South,0.398
South,0.398
South,0.398
South,0.398
South,0.331
South,0.331
South,0.331
South,0.331
South,0.331
South,0.331
South,0.331
South,0.331
South,0.331
South,0.331
South,0.331
South,0.331
South,0.331
South,0.331
South,0.331
South,0.331
South,0.331
South,0.331
South,0.331
South,0.331
South,0.331
South,0.331
South,0.331
South,0.331
South,0.331
South,0.331
South,0.331
South,0.331
South,0.331
South,0.331
South,0.348
South,0.348
South,0.348
South,0.348
South,0.348
South,0.348
South,0.348
South,0.348
South,0.348
South,0.348
South,0.348
South,0.348
South,0.348
South,0.348
South,0.348
South,0.348
South,0.348
South,0.348
South,0.348
South,0.348
South,0.348
South,0.31
South,0.31
South,0.31
South,0.31
South,0.31
South,0.31
South,0.31
South,0.31
South,0.31
South,0.31
South,0.31
South,0.31
South,0.31
South,0.31
South,0.31
South,0.31
South,0.31
South,0.31
South,0.31
South,0.31
South,0.31
South,0.31
South,0.31
South,0.31
South,0.31
South,0.31
South,0.31
South,0.31
South,0.31
South,0.31
South,0.31
South,0.31
South,0.379
South,0.379
South,0.379
South,0.379
South,0.379
South,0.379
South,0.379
South,0.379
South,0.379
South,0.395
South,0.395
South,0.395
South,0.395
South,0.395
South,0.395
South,0.395
South,0.395
South,0.286
South,0.286
South,0.286
South,0.286
South,0.286
South,0.286
South,0.286
South,0.286
South,0.286
South,0.286
South,0.286
South,0.286
South,0.286
South,0.286
South,0.286
South,0.286
South,0.286
South,0.286
South,0.286
South,0.292
South,0.292
South,0.292
South,0.292
South,0.292
South,0.292
South,0.292
South,0.292
South,0.292
South,0.292
South,0.292
South,0.292
South,0.292
South,0.292
South,0.292
South,0.292
South,0.292
South,0.292
South,0.292
South,0.292
South,0.292
South,0.292
South,0.292
South,0.292
South,0.292
South,0.292
South,0.292
South,0.367
South,0.367
South,0.367
South,0.367
South,0.367
South,0.367
South,0.367
South,0.367
South,0.367
South,0.215
South,0.267
South,0.267
South,0.267
South,0.267
South,0.267
South,0.267
South,0.267
South,0.267
South,0.267
South,0.259
South,0.259
South,0.259
South,0.259
South,0.259
South,0.259
South,0.259
South,0.259
South,0.259
South,0.259
South,0.307
South,0.307
South,0.307
South,0.307
South,0.307
South,0.307
South,0.307
South,0.307
South,0.307
South,0.307
South,0.307
South,0.307
South,0.307
South,0.307
South,0.307
South,0.307
South,0.252
South,0.252
South,0.252
South,0.252
South,0.252
South,0.252
South,0.246
South,0.246
South,0.284
South,0.284
South,0.284
South,0.284
South,0.284
South,0.284
South,0.284
South,0.284
South,0.284
South,0.284
South,0.284
South,0.284
South,0.284
South,0.284
South,0.284
South,0.284
South,0.284
South,0.284
South,0.284
South,0.284
South,0.284
South,0.284
South,0.284
South,0.284
South,0.289
South,0.289
South,0.289
South,0.289
South,0.289
South,0.289
South,0.289
South,0.289
South,0.289
South,0.289
South,0.289
South,0.289
South,0.289
South,0.289
South,0.289
South,0.289
South,0.289
South,0.289
South,0.289
South,0.289
South,0.289
South,0.289
South,0.289
South,0.289
South,0.289
South,0.289
South,0.289
South,0.241
South,0.241
South,0.247
South,0.247
South,0.247
South,0.257
South,0.257
South,0.257
South,0.257
South,0.257
South,0.248
South,0.248
South,0.27
South,0.27
South,0.27
South,0.27
South,0.27
South,0.27
South,0.27
South,0.27
South,0.27
South,0.27
South,0.27
South,0.27
South,0.27
South,0.282
South,0.282
South,0.282
South,0.282
South,0.282
South,0.282
South,0.282
South,0.282
South,0.282
South,0.282
South,0.282
South,0.282
South,0.282
South,0.282
South,0.282
South,0.282
South,0.282
South,0.282
South,0.282
South,0.282
South,0.282
South,0.282
South,0.282
South,0.282
South,0.282
South,0.282
South,0.282
South,0.282
South,0.282
South,0.282
South,0.209
South,0.209
South,0.199
South,0.261
South,0.261
South,0.261
South,0.261
South,0.261
South,0.261
South,0.261
South,0.253
South,0.253
South,0.253
South,0.253
South,0.253
South,0.355
South,0.355
South,0.355
South,0.355
South,0.355
South,0.355
South,0.355
South,0.355
South,0.355
South,0.355
South,0.355
South,0.355
South,0.355
South,0.355
South,0.355
South,0.355
South,0.355
South,0.355
South,0.355
South,0.316
South,0.316
South,0.316
South,0.316
South,0.316
South,0.316
South,0.316
South,0.316
South,0.316
South,0.316
South,0.316
South,0.316
South,0.316
South,0.316
South,0.316
South,0.316
South,0.316
South,0.316
South,0.316
South,0.316
South,0.316
South,0.316
South,0.316
South,0.316
South,0.316
South,0.316
South,0.268
South,0.268
South,0.268
South,0.268
South,0.268
South,0.218
South,0.218
South,0.218
South,0.218
South,0.229
South,0.229
South,0.291
South,0.291
South,0.291
South,0.291
South,0.291
South,0.291
South,0.291
South,0.291
South,0.291
South,0.291
South,0.291
South,0.291
South,0.291
South,0.291
South,0.291
South,0.291
South,0.291
South,0.291
South,0.291
South,0.291
South,0.291
South,0.291
South,0.291
South,0.337
South,0.337
South,0.337
South,0.337
South,0.337
South,0.337
South,0.337
South,0.337
South,0.337
South,0.337
South,0.337
South,0.337
South,0.337
South,0.337
South,0.337
South,0.337
South,0.337
South,0.337
South,0.337
South,0.251
South,0.251
South,0.251
South,0.201
South,0.21
South,0.189
South,0.197
South,0.278
South,0.278
South,0.278
South,0.278
South,0.278
South,0.278
South,0.278
South,0.278
South,0.278
South,0.278
South,0.278
South,0.278
South,0.278
South,0.278
South,0.278
South,0.278
South,0.278
South,0.224
South,0.224
South,0.238
South,0.24
South,0.202
South,0.206
South,0.249
South,0.249
South,0.226
South,0.23
South,0.23
South,0.281
South,0.281
South,0.281
South,0.281
South,0.281
South,0.281
South,0.281
South,0.281
South,0.281
South,0.281
South,0.281
South,0.281
South,0.281
South,0.281
South,0.258
South,0.258
South,0.258
South,0.258
South,0.308
South,0.308
South,0.308
South,0.308
South,0.308
South,0.308
South,0.308
South,0.308
South,0.308
South,0.308
South,0.308
South,0.308
South,0.308
South,0.308
South,0.308
South,0.308
South,0.308
South,0.308
South,0.308
South,0.308
South,0.308
South,0.308
South,0.308
South,0.308
South,0.308
South,0.308
South,0.35
South,0.35
South,0.35
South,0.35
South,0.35
South,0.35
South,0.35
South,0.35
South,0.35
South,0.35
South,0.35
South,0.35
South,0.35
South,0.35
South,0.35
South,0.279
South,0.279
South,0.279
South,0.279
South,0.279
South,0.279
South,0.279
South,0.279
South,0.279
South,0.279
South,0.279
South,0.279
South,0.279
South,0.279
South,0.279
South,0.279
South,0.279
South,0.262
South,0.262
South,0.262
South,0.265
South,0.265
South,0.265
South,0.265
South,0.265
South,0.234
South,0.234
South,0.223
South,0.223
South,0.264
South,0.264
South,0.264
South,0.264
South,0.264
South,0.264
South,0.264
South,0.264
South,0.264
South,0.275
South,0.275
South,0.275
South,0.275
South,0.275
South,0.275
South,0.275
South,0.275
South,0.275
South,0.255
South,0.255
South,0.255
South,0.255
South,0.255
South,0.271
South,0.271
South,0.271
South,0.271
South,0.271
South,0.271
South,0.271
South,0.274
South,0.274
South,0.274
South,0.274
South,0.274
South,0.274
South,0.274
South,0.274
South,0.219
South,0.219
South,0.277
South,0.277
South,0.277
South,0.277
South,0.277
South,0.277
South,0.277
South,0.277
South,0.277
South,0.277
South,0.277
South,0.277
South,0.256
South,0.256
South,0.256
South,0.256
South,0.256
South,0.256
South,0.366
South,0.366
South,0.366
South,0.366
South,0.366
South,0.366
South,0.393
South,0.393
South,0.393
South,0.297
South,0.297
South,0.297
South,0.297
South,0.297
South,0.297
South,0.297
South,0.297
South,0.297
South,0.297
South,0.297
South,0.297
South,0.297
South,0.297
South,0.297
South,0.297
South,0.297
South,0.394
South,0.394
South,0.394
South,0.394
South,0.41
South,0.41
South,0.41
South,0.41
South,0.41
South,0.388
South,0.388
South,0.388
South,0.388
South,0.388
South,0.388
South,0.399
South,0.399
South,0.399
South,0.399
South,0.376
South,0.376
South,0.376
South,0.39
South,0.39
South,0.39
South,0.39
South,0.39
South,0.408
South,0.408
South,0.408
South,0.415
South,0.415
South,0.415
South,0.426
South,0.426
South,0.295
South,0.295
South,0.295
South,0.295
South,0.295
South,0.295
South,0.295
South,0.295
South,0.295
South,0.295
South,0.295
South,0.295
South,0.295
South,0.295
South,0.295
South,0.295
South,0.295
South,0.295
South,0.295
South,0.295
South,0.295
South,0.295
South,0.295
South,0.295
South,0.295
South,0.295
South,0.295
South,0.295
South,0.295
South,0.295
South,0.295
South,0.295
South,0.233
South,0.184
South,0.188
South,0.269
South,0.269
South,0.269
South,0.269
South,0.418
South,0.474
South,0.441
South,0.45
South,0.424
South,0.424
South,0.424
South,0.403
South,0.403
South,0.396
South,0.396
South,0.396
South,0.448
South,0.444
South,0.406
South,0.406
South,0.406
South,0.43
South,0.43
South,0.436
South,0.431
South,0.407
South,0.407
South,0.407
South,0.412
South,0.412
South,0.412
South,0.439
South,0.405
South,0.235
South,0.225
South,0.225
South,0.243
South,0.236
South,0.236
South,0.26
South,0.26
South,0.26
South,0.26
South,0.26
South,0.26
South,0.239
South,0.245
South,0.245
South,0.245
South,0.245
South,0.242
South,0.242
South,0.242
South,0.244
South,0.208
South,0.213
South,0.237
South,0.237
South,0.422
South,0.216
South,0.22
South,0.434
South,0.254
South,0.254
South,0.254
South,0.214
South,0.195
South,0.195
South,0.204
South,0.193
South,0.175
South,0.222
